qmd	block_id	line	kind	section	words	disposition	target_slot	label	text
index.qmd	index-001-h1-overview	14	h1	Overview	1	keep	section-nav		Overview
index.qmd	index-002-paragraph-this-report-presents-an-integrative-analysis-of-single-nucleus	16	paragraph	Overview	42	schematic	fig-report-spine-schematic		This report presents an integrative analysis of single-nucleus RNA-seq, GeoMx spatial transcriptomics, and bulk proteomics and phosphoproteomics across four mouse models of Alzheimer's disease. It asks how amyloid reshapes microglia under different tau backgrounds, reading the tau-amyloid interaction across all four modalities.
index.qmd	index-003-paragraph-the-synthesis-comes-first-because-the-rebuilt-answer	21	paragraph	Overview	88	figure	fig-report-spine-schematic		The synthesis comes first because the rebuilt answer is compact: amyloid drives a homeostatic-to-DAM microglial programme; mutant tau modulates that response mainly as extra DAM-cell composition rather than supported further trajectory progression; Myc has focused RNA support; NF-kB attenuation and Gsk3b are not recovered; SpatialDecon abundance is blocked and full CCC is not called. The remaining chapters are the audit trail. QC checks the modality shapes and the single-nucleus genotype-by-batch design, then the microglia, trajectory, mechanism and cross-modality chapters show the evidence behind each synthesis row.
index.qmd	index-004-paragraph-the-analysis-is-built-on-a-reproducible-spine	29	paragraph	Overview	27	schematic	fig-report-spine-schematic		The analysis is built on a reproducible spine: a pinned R environment (rv), a pinned Python environment (uv), a targets pipeline, and this single self-contained Quarto report.
_synthesis.qmd	synthesis-001-h1-synthesis-the-compact-answer	1	h1	Synthesis: the compact answer	4	keep	section-nav		Synthesis: the compact answer
_synthesis.qmd	synthesis-002-paragraph-the-synthesis-table-has-claim-rows-the-supported	138	paragraph	Synthesis: the compact answer	26	schematic	fig-synthesis-visual-abstract		The synthesis table has   claim rows:  . The supported core is narrow by design, and the negative rows are part of the result rather than a supplement.
_synthesis.qmd	synthesis-003-caption-synthesis-status-counts-labels-are-descriptive-categories-over	146	caption	Synthesis: the compact answer	19	caption	fig-synthesis-status	fig-synthesis-status	Synthesis status counts. Labels are descriptive categories over the closed P1-P4 analyses; they are not a scored convergence ledger.
_synthesis.qmd	synthesis-004-caption-evidence-map-for-the-compact-synthesis-filled-tiles	160	caption	Synthesis: the compact answer	40	caption	fig-synthesis-evidence-map	fig-synthesis-evidence-map	Evidence map for the compact synthesis. Filled tiles show which compact chapter source is primary (P) or supporting (S) for each claim row; grey cells are not cited. Colours keep the closed claim status visible, including unsupported and unearned outcomes.
_synthesis.qmd	synthesis-005-paragraph-what-remains-unsupported-or-unearned-is-also-explicit	187	paragraph	Synthesis: the compact answer	58	figure	fig-synthesis-visual-abstract		What remains unsupported or unearned is also explicit:  . These limits keep the closed report focused on the rebuilt evidence: DAM activation and DAM-cell composition are the central interaction story; Myc is the focused RNA mechanism signal; NF-kB attenuation, Gsk3b, progression beyond composition, blocked SpatialDecon abundance, full CCC and run-order-sensitive bulk hits stay outside the supported claim set.
_qc.qmd	qc-001-h1-quality-control	1	h1	Quality control	2	keep	section-nav		Quality control
_qc.qmd	qc-002-paragraph-this-chapter-is-a-sanity-pass-over-the	3	paragraph	Quality control	92	collapsed_audit	collapsed-qc-audit		This chapter is a sanity pass over the four loaded modalities. It confirms that each target materialises at the expected shape, that the single-nucleus microglia carry a fully-crossed genotype-by-batch design, and that their per-nucleus quality metrics sit inside predeclared physical bounds. No reprocessing happens here: clustering, substate assignment and differential expression arrive in later phases. The bounds below are definitional rails (a count is at least one, a percentage lies in nought to a hundred), not analysis thresholds, so a breach signals a load or computation fault and stops the render.
_qc.qmd	qc-003-h2-modalities-loaded	28	h2	Modalities loaded	2	keep	section-nav		Modalities loaded
_qc.qmd	qc-004-paragraph-each-row-is-a-separately-stored-targets-object	30	paragraph	Modalities loaded	29	figure	qc-modality-table		Each row is a separately stored targets object; the dimensions are read straight from the materialised target, so this table doubles as a load check across all four assays.
_qc.qmd	qc-005-paragraph-geomx-genotype-tally-no-batch-axis-in-the	49	paragraph	Modalities loaded	15	figure	qc-modality-table		GeoMx genotype tally (no batch axis in the spatial design) and the proteomics key size:
_qc.qmd	qc-006-h2-snrnaseq-microglia-design-balance	61	h2	snRNAseq microglia: design balance	4	keep	section-nav		snRNAseq microglia: design balance
_qc.qmd	qc-007-paragraph-the-microglia-subset-should-form-a-complete-four-by	63	paragraph	snRNAseq microglia: design balance	26	figure	fig-qc-genotype-batch		The microglia subset should form a complete four-by-four genotype-by-batch grid with no empty cell; each of the 16 cells is a pseudobulk replicate downstream.
_qc.qmd	qc-008-caption-nuclei-per-genotype-and-batch-every-genotype-by-batch	76	caption	snRNAseq microglia: design balance	18	caption	fig-qc-genotype-batch	fig-qc-genotype-batch	Nuclei per genotype and batch. Every genotype-by-batch cell is populated, so all 16 pseudobulk replicates are estimable.
_qc.qmd	qc-009-h2-snrnaseq-microglia-quality-metrics	87	h2	snRNAseq microglia: quality metrics	4	keep	section-nav		snRNAseq microglia: quality metrics
_qc.qmd	qc-010-paragraph-library-size-and-complexity-per-nucleus-by-genotype	89	paragraph	snRNAseq microglia: quality metrics	19	figure	fig-qc-depth;fig-qc-fractions		Library size and complexity per nucleus, by genotype (log scale; precomputed on the raw object, carried through the subset):
_qc.qmd	qc-011-caption-per-nucleus-total-counts-and-detected-genes-by-genotype	96	caption	snRNAseq microglia: quality metrics	8	caption	fig-qc-depth	fig-qc-depth	Per-nucleus total counts and detected genes by genotype.
_qc.qmd	qc-012-paragraph-mitochondrial-ribosomal-malat1-and-non-microglial-contamination-fractions-per	109	paragraph	snRNAseq microglia: quality metrics	22	figure	fig-qc-depth;fig-qc-fractions		Mitochondrial, ribosomal, MALAT1 and non-microglial contamination fractions per nucleus, by genotype (linear scale; these motivate the QC thresholds applied later, not here):
_qc.qmd	qc-013-caption-per-nucleus-quality-fractions-by-genotype-shown-for-sanity	116	caption	snRNAseq microglia: quality metrics	16	caption	fig-qc-fractions	fig-qc-fractions	Per-nucleus quality fractions by genotype. Shown for sanity only; no nuclei are filtered in this phase.
_qc.qmd	qc-014-h2-sanity-bounds-enforced	131	h2	Sanity bounds (enforced)	3	keep	section-nav		Sanity bounds (enforced)
_qc.qmd	qc-015-paragraph-the-metric-rails-are-definitional-or-physical-declared	133	paragraph	Sanity bounds (enforced)	78	collapsed_audit	collapsed-qc-audit		The metric rails are definitional or physical, declared before inspecting the data: a count is at least one (no arbitrary upper ceiling); a detected-gene count is at least one and cannot exceed the genes assayed, nor the total counts; a percentage lies in nought to a hundred. The structural checks confirm the design grid, the canonical genotype factor and a one-to-one match between the 16 replicate ids and the genotype-by-batch cells. Any failure aborts the render.
_microglia.qmd	microglia-001-h1-microglia-amyloid-drives-a-homeostatic-to-dam-programme	1	h1	Microglia: amyloid drives a homeostatic-to-DAM programme	7	keep	section-nav		Microglia: amyloid drives a homeostatic-to-DAM programme
_microglia.qmd	microglia-002-paragraph-this-chapter-is-the-single-nucleus-core-of-the	3	paragraph	Microglia: amyloid drives a homeostatic-to-DAM programme	134	collapsed_audit	fig-microglia-summary-board		This chapter is the single-nucleus core of the study. From the reprocessed, batch-integrated microglia (SCT normalisation, Harmony over batch only) it places each nucleus into a canonical substate, tests whether substate composition shifts across the genotype contrasts, and runs pseudobulk differential expression to characterise the activation programme and to weigh the tau-by-amyloid interaction. The headline, supported three complementary ways below, is that amyloid (NLGF) drives microglia out of a homeostatic state into disease-associated microglia (DAM); mutant tau scales the size of that response without, on its own, redrawing the programme. One measurement caveat frames everything that follows: single-nucleus capture under-detects a sizeable share of DAM activation transcripts (Thrupp and colleagues, 2020), so DAM is read as a scored programme rather than thresholded gene by gene, and every differential test runs on raw counts.
_microglia.qmd	microglia-003-h2-substate-landscape	168	h2	Substate landscape	2	keep	section-nav		Substate landscape
_microglia.qmd	microglia-004-paragraph-ucell-scores-each-nucleus-against-the-canonical-homeostatic	170	paragraph	Substate landscape	93	figure	fig-microglia-umap-substate;fig-microglia-score-triptych		UCell scores each nucleus against the canonical homeostatic, DAM, interferon-response (IFN) and proliferative signatures; a per-signature calibration then assigns a primary substate at the cluster level (the per-cell argmax is noisier and kept only as a diagnostic). After dropping   contaminant or doublet nuclei (clusters  ),   nuclei remain. They resolve into   homeostatic,   DAM and   IFN nuclei; no cluster is proliferative-dominant, so that level carries no cells (sparse cycling markers average out at the cluster level rather than forming a coherent population). Each substate signature is scored on its genes found in the assay (  genes used).
_microglia.qmd	microglia-005-caption-microglia-substate-landscape-on-the-batch-integrated-umap-left	186	caption	Substate landscape	29	caption	fig-microglia-umap	fig-microglia-umap	Microglia substate landscape on the batch-integrated UMAP. Left: primary substate label. Right: the calibrated DAM activation score, which forms a continuous homeostatic-to-DAM gradient rather than a discrete switch.
_microglia.qmd	microglia-006-caption-genotype-faceted-substate-map-on-the-same-batch-integrated-umap	205	caption	Substate landscape	34	caption	fig-microglia-umap-substate	fig-microglia-umap-substate	Genotype-faceted substate map on the same batch-integrated UMAP. Amyloid-bearing genotypes occupy much more of the DAM-labelled region, with NLGF_P301S showing the largest DAM compartment. Labels are cluster-primary substates, not a per-cell hard threshold.
_microglia.qmd	microglia-007-caption-binned-umap-score-maps-for-the-three-plotted	219	caption	Substate landscape	33	caption	fig-microglia-score-triptych	fig-microglia-score-triptych	Binned UMAP score maps for the three plotted signatures. Homeostatic and DAM scores form opposing regions of the activation manifold, while the MHC-APC score marks the antigen-presentation arm within the broader DAM programme.
_microglia.qmd	microglia-008-h2-amyloid-expands-the-dam-compartment	230	h2	Amyloid expands the DAM compartment	5	keep	section-nav		Amyloid expands the DAM compartment
_microglia.qmd	microglia-009-paragraph-the-compositional-shift-is-unambiguous-without-amyloid-the	232	paragraph	Amyloid expands the DAM compartment	78	figure	fig-microglia-composition-shift;fig-microglia-unit-composition		The compositional shift is unambiguous. Without amyloid the microglia are overwhelmingly homeostatic (DAM  % in MAPTKI,  % in P301S); with amyloid the DAM compartment swells to  % on the tau-knockout background and  % on the mutant-tau background, with the homeostatic fraction falling in step ( % and  % down to  % and  %). The same shift is visible per nucleus as a rightward move in the DAM activation score, and it is steeper on the mutant-tau background, the first hint of the tau-by-amyloid interaction tested below.
_microglia.qmd	microglia-010-caption-amyloid-drives-the-homeostatic-to-dam-shift-left-substate	245	caption	Amyloid expands the DAM compartment	28	caption	fig-microglia-composition-shift	fig-microglia-composition-shift	Amyloid drives the homeostatic-to-DAM shift. Left: substate proportions per genotype (cluster-level labels). Right: per-nucleus DAM activation score by genotype; the amyloid-bearing genotypes carry the heavier upper tail.
_microglia.qmd	microglia-011-caption-composition-by-the-16-genotype-by-batch-replicate-units	279	caption	Amyloid expands the DAM compartment	40	caption	fig-microglia-unit-composition	fig-microglia-unit-composition	Composition by the 16 genotype-by-batch replicate units. Each bar is one replicate unit, preserving the inference unit behind the composition and pseudobulk tests. The DAM expansion is visible in every amyloid-bearing background rather than being driven by one batch.
_microglia.qmd	microglia-012-caption-score-distributions-by-genotype-within-each-primary-substate	294	caption	Amyloid expands the DAM compartment	34	caption	fig-microglia-score-distribution	fig-microglia-score-distribution	Score distributions by genotype within each primary substate. Amyloid shifts the DAM score upward and the homeostatic score downward while retaining overlap, consistent with a scored activation programme rather than a binary marker threshold.
_microglia.qmd	microglia-013-h2-composition-is-tested-across-the-genotype-contrasts	304	h2	Composition is tested across the genotype contrasts	7	keep	section-nav		Composition is tested across the genotype contrasts
_microglia.qmd	microglia-014-paragraph-composition-is-tested-formally-with-propeller-the-locked	306	paragraph	Composition is tested across the genotype contrasts	127	figure	fig-microglia-composition-forest;fig-microglia-composition-concordance		Composition is tested formally with propeller (the locked, reproducible primary, on the logit transform) and cross-checked with sccomp, a Bayesian beta-binomial model run off-lock when its Stan backend is present. Both amyloid contrasts move DAM strongly up and the homeostatic fraction strongly down, with very small tail probabilities (table below). The tau-by-amyloid interaction on DAM is positive and significant under propeller (FDR  );  , so it is flagged rather than asserted. A static compositional interaction of this size raises a further question - does mutant tau also push microglia further along the same activation programme, or does it simply enlarge the DAM endpoint? The trajectory chapter ( ) takes that up directly and finds the latter: the synergy is carried by compartment size, not by cells advancing further along the axis.
_microglia.qmd	microglia-015-caption-substate-composition-effects-for-dam-and-homeostatic-microglia	322	caption	Composition is tested across the genotype contrasts	49	caption	fig-microglia-composition-forest	fig-microglia-composition-forest	Substate composition effects for DAM and homeostatic microglia across the five contrasts (sccomp posterior on the logit proportion with 95% credible intervals where the Bayesian arm ran, otherwise the propeller t-statistic). DAM and homeostatic move as mirror images; both amyloid contrasts are far from zero, the interaction is small.
_microglia.qmd	microglia-016-paragraph-cross-method-concordance-flags-of-contrast-by-substate-cells-per	369	paragraph	Composition is tested across the genotype contrasts	22	figure	fig-microglia-composition-forest;fig-microglia-composition-concordance		Cross-method concordance flags   of   contrast-by-substate cells ( ) .  Per the pre-declared rule the propeller-logit call stands; the disagreements are reported, never averaged away.
_microglia.qmd	microglia-017-caption-composition-method-concordance-grid-colour-shows-the-locked	378	caption	Composition is tested across the genotype contrasts	37	caption	fig-microglia-composition-concordance	fig-microglia-composition-concordance	Composition method concordance grid. Colour shows the locked propeller-logit direction and significance; text marks cells pre-declared as cross-method flags. The DAM interaction is a primary positive composition call, while sparse IFN cells carry the main method flags.
_microglia.qmd	microglia-018-h2-the-amyloid-to-dam-expression-programme	392	h2	The amyloid-to-DAM expression programme	5	keep	section-nav		The amyloid-to-DAM expression programme
_microglia.qmd	microglia-019-paragraph-pseudobulk-differential-expression-limma-voom-with-quality-weights-aggregated	394	paragraph	The amyloid-to-DAM expression programme	79	figure	fig-microglia-whole-volcano		Pseudobulk differential expression (limma-voom with quality weights, aggregated to the 16 genotype-by-batch replicate units) confirms the activation programme at the transcript level. Of   expressed genes,   pass the stageR family screen. The canonical DAM markers move up coherently under amyloid: of the   markers in the fit,  % rise on the tau-knockout background (mean log2 fold-change  ) and  % on the mutant-tau background (mean  ), reproducing the original study's direction. The volcano below shows the strongest amyloid contrast with the DAM markers picked out.
_microglia.qmd	microglia-020-caption-pseudobulk-differential-expression-for-amyloid-on-the-mutant-tau	410	caption	The amyloid-to-DAM expression programme	36	caption	fig-microglia-amyloid-volcano	fig-microglia-amyloid-volcano	Pseudobulk differential expression for amyloid on the mutant-tau background (NLGF_P301S vs P301S). Canonical DAM markers (crimson) are concentrated among the up-regulated, significant genes; the most significant are labelled. Dashed lines mark the log2 fold-change threshold.
_microglia.qmd	microglia-021-caption-whole-microglia-pseudobulk-volcanoes-across-the-five-genotype-contrasts	450	caption	The amyloid-to-DAM expression programme	44	caption	fig-microglia-whole-volcano	fig-microglia-whole-volcano	Whole-microglia pseudobulk volcanoes across the five genotype contrasts. Points are pre-binned for compact rendering; labelled genes are the strongest rows per contrast. Amyloid contrasts carry thousands of FDR < 0.10 rows, whereas the interaction has real stageR-confirmed genes but no standalone large-effect FDR hits.
_microglia.qmd	microglia-022-h2-the-tau-by-amyloid-interaction-is-under-powered-not-absent	471	h2	The tau-by-amyloid interaction is under-powered, not absent	8	keep	section-nav		The tau-by-amyloid interaction is under-powered, not absent
_microglia.qmd	microglia-023-paragraph-no-gene-clears-the-large-effect-bar-on-the	473	paragraph	The tau-by-amyloid interaction is under-powered, not absent	15	figure	fig-microglia-whole-volcano		No gene clears the large-effect bar on the interaction contrast (0 up, 0 down at
_microglia.qmd	microglia-024-table_row-log2fc-fdr-yet-the-stager-family-screen-still	474	table_row	The tau-by-amyloid interaction is under-powered, not absent	9	figure	fig-microglia-whole-volcano		|log2FC| >  , FDR <  ), yet the stageR family screen still confirms
_microglia.qmd	microglia-025-paragraph-interaction-genes-every-one-with-a-substantial-fold-change	475	paragraph	The tau-by-amyloid interaction is under-powered, not absent	193	figure	fig-microglia-whole-volcano		interaction genes - every one with a substantial fold-change (all above the   log2 effect bar, median  ) that the stricter standalone per-contrast test cannot individually resolve (its most significant gene sits at FDR  ), so this is not an empty result. The difference-of-differences carries roughly twice the standard error of a main effect, and the pseudobulk design leaves few replicate degrees of freedom - eBayes moderation lifts the effective total to  : the minimum log2 fold-change detectable at a nominal 80% per-test power for the median gene is   (median posterior SE  ). The honest reading is therefore that a per-gene interaction below about   log2 units falls under this design's nominal detection floor - and the multiple-testing-corrected discovery floor is higher still - so absence of large-effect genes is not evidence of no interaction. Crucially, the compositional interaction on DAM *is* significant, which points to a synergy expressed through compartment size rather than per-gene fold-change. The trajectory chapter ( ) then separates the two ways that synergy could act - more DAM cells, or cells advancing further along the activation axis - and resolves it as the former: the tau-amyloid interaction adds DAM cells, with no statistically supported signal that it advances them further.
_microglia.qmd	microglia-026-h2-per-substate-differential-expression	492	h2	Per-substate differential expression	3	keep	section-nav		Per-substate differential expression
_microglia.qmd	microglia-027-paragraph-repeating-the-pseudobulk-fit-within-each-substate-is	494	paragraph	Per-substate differential expression	86	figure	fig-microglia-substate-audit;fig-microglia-substate-volcano		Repeating the pseudobulk fit within each substate is only valid where every replicate unit carries enough cells. Under a floor of   cells per unit, the substates that clear it on every unit ( ) are fitted; IFN (as few as   cells in a unit) and the empty proliferative level are left descriptive-only. Within the DAM compartment alone, amyloid still moves   genes past the large-effect bar (NLGF_P301S vs P301S), confirming the programme is graded - a shift in what DAM cells express, not merely how many cells are DAM.
_microglia.qmd	microglia-028-caption-per-substate-de-fit-audit-bars-show-the-minimum	523	caption	Per-substate differential expression	35	caption	fig-microglia-substate-audit	fig-microglia-substate-audit	Per-substate DE fit audit. Bars show the minimum cells in any replicate unit, with the dashed line marking the pre-set floor for fitting. Homeostatic and DAM pass; IFN and the empty proliferative level remain descriptive.
_microglia.qmd	microglia-029-caption-within-substate-de-summary-for-the-fitted-homeostatic-and	538	caption	Per-substate differential expression	41	caption	fig-microglia-substate-volcano	fig-microglia-substate-volcano	Within-substate DE summary for the fitted homeostatic and DAM compartments. Bars are signed counts of FDR < 0.10 rows (up positive, down negative) for each contrast. Amyloid effects persist within states; the interaction remains much smaller than the amyloid main responses.
_microglia.qmd	microglia-030-h2-caveats-and-provenance	550	h2	Caveats and provenance	3	keep	section-nav		Caveats and provenance
_microglia.qmd	microglia-031-paragraph-three-caveats-travel-with-these-results-first-the	552	paragraph	Caveats and provenance	122	collapsed_audit	collapsed-microglia-audit		Three caveats travel with these results. First, the Thrupp under-detection already noted: DAM is scored, not thresholded, and the differential tests run on raw counts, so the attenuation biases against the DAM signal rather than inventing it. Second, contaminant pruning removed proportionally more low-quality nuclei from the   background (about  % of it, mostly cluster  ) than from the others. Because every dropped cluster scores low on DAM - the highest dropped-cluster median ( ) falls well short of the DAM-enriched clusters that drive the headline (medians up to  , all retained) - the pruning cannot have manufactured the amyloid-to-DAM signal by discarding DAM-high nuclei. Removing low-DAM nuclei can only nudge a genotype's DAM fraction upward, so this genotype-skewed dropout is reported in full below rather than hidden. Third,
_trajectory.qmd	trajectory-001-h1-the-tau-amyloid-synergy-adds-dam-cells-rather-than	1	h1	The tau-amyloid synergy adds DAM cells rather than advancing them	10	keep	section-nav		The tau-amyloid synergy adds DAM cells rather than advancing them
_trajectory.qmd	trajectory-002-paragraph-the-microglia-chapter-left-one-question-open-amyloid	3	paragraph	The tau-amyloid synergy adds DAM cells rather than advancing them	170	schematic	fig-trajectory-logic-board		"The microglia chapter left one question open. Amyloid drives the homeostatic-to-DAM shift, and the compositional interaction on DAM is significant: on a mutant-tau background amyloid produces *more* DAM cells than additivity predicts. But a larger DAM compartment and cells that have travelled *further* into activation are two different claims, and the pseudobulk interaction was under-powered to separate them. This chapter orders the same nuclei along an activation pseudotime and asks the distinct question the composition test cannot: beyond making more DAM cells, does mutant tau push microglia further along the activation axis? Read three ways below, it does not detectably - no channel gives statistically supported evidence of further advance, and the tau-amyloid synergy is expressed almost entirely as compartment size rather than as cells sitting further along the axis. Two framings travel with every number here: pseudotime is an activation *ordering* (position and extent of advance), not developmental time or potency, and because the data are a single cross-sectional snapshot, ""advance"" is a position statement, never a measured rate."
_trajectory.qmd	trajectory-003-h2-amyloid-drives-a-large-shift-along-the-activation	118	h2	Amyloid drives a large shift along the activation axis	9	keep	section-nav		Amyloid drives a large shift along the activation axis
_trajectory.qmd	trajectory-004-paragraph-slingshot-orders-the-homeostatic-and-dam-nuclei-along	120	paragraph	Amyloid drives a large shift along the activation axis	130	figure	fig-trajectory-pseudotime-shift;fig-trajectory-pt-density		Slingshot orders the homeostatic and DAM nuclei along a single rooted lineage on the batch-integrated harmony space (the interferon and proliferative nuclei are off this axis and omitted, recovered as a conditioning check below). Rooting is validated after the fact, not assumed: pseudotime rises with the DAM score (Spearman  ) and falls with the homeostatic score ( ), so low pseudotime is the homeostatic end and high pseudotime the DAM end. Against that ordering the amyloid effect is unmistakable and large: it moves mean pseudotime up by   units on the tau-knockout background (NLGF_MAPTKI vs MAPTKI, p  ) and   units on the mutant-tau background (NLGF_P301S vs P301S, p  ). Tau on its own moves it little ( ). These amyloid main effects dwarf everything that follows; the interaction is a second-order adjustment on top of them.
_trajectory.qmd	trajectory-005-caption-amyloid-advances-microglia-along-the-activation-pseudotime-left	137	caption	Amyloid drives a large shift along the activation axis	68	caption	fig-trajectory-pseudotime-shift	fig-trajectory-pseudotime-shift	Amyloid advances microglia along the activation pseudotime. Left: per-nucleus pseudotime distribution by genotype (on-lineage nuclei), with the pooled DAM-onset landmark dashed; the amyloid-bearing genotypes carry far more mass at the DAM end. Right: the interaction in context - the genotype effects on mean pseudotime across the five canonical contrasts (point and 95% CI); the two amyloid contrasts are large, the difference-of-differences interaction (crimson) is a modest positive adjustment.
_trajectory.qmd	trajectory-006-caption-pseudotime-distributions-separated-by-genotype-and-substate-the	167	caption	Amyloid drives a large shift along the activation axis	38	caption	fig-trajectory-pt-density	fig-trajectory-pt-density	Pseudotime distributions separated by genotype and substate. The amyloid-bearing genotypes carry much more DAM-state density at high pseudotime, while the homeostatic density remains concentrated nearer the root. The plot shows position along the activation ordering, not a rate.
_trajectory.qmd	trajectory-007-h2-the-interaction-is-composition-not-progression	178	h2	The interaction is composition, not progression	6	keep	section-nav		The interaction is composition, not progression
_trajectory.qmd	trajectory-008-paragraph-the-difference-of-differences-interaction-raises-mean-pseudotime-position	180	paragraph	The interaction is composition, not progression	124	figure	fig-trajectory-decomposition;fig-trajectory-kitagawa-forest		The difference-of-differences interaction raises mean pseudotime position by   units (95% CI [ ,  ], ordinary p  , Freedman-Lane permutation p  ) - microglia on the amyloid-plus-mutant-tau background sit a little further along the axis than an additive model predicts. The exact three-channel shift-share decomposition (composition, progression, cross) says where that advance comes from, and the two channels point in opposite directions. The composition channel - the same per-state positions, with cells redistributed toward the DAM end - carries the whole effect (interaction  , p  ; loading   of the position interaction). The progression channel - cells of a given state sitting further along, the genuinely abundance-independent quantity - is small, negative and not significant ( , p  , permutation p  ; loading  ), and the cross term is minor (loading  ). The three loadings sum to one by construction (reconstruction residual  ).
_trajectory.qmd	trajectory-009-caption-the-position-interaction-is-compositional-left-the-tau-amyloid	200	caption	The interaction is composition, not progression	73	caption	fig-trajectory-decomposition	fig-trajectory-decomposition	The position interaction is compositional. Left: the tau-amyloid interaction on each additive pseudotime channel (point and 95% CI, all in pseudotime units); the composition channel is positive and clears zero, while the progression and within-state channels do not. Right: the shift-share loadings - composition takes more than the whole position interaction, progression is negative, and they sum to one. Mutant tau enlarges the DAM compartment; it does not measurably advance cells within a state.
_trajectory.qmd	trajectory-010-paragraph-the-pre-registered-primary-endpoints-the-progression-channel-and	228	paragraph	The interaction is composition, not progression	91	figure	fig-trajectory-decomposition;fig-trajectory-kitagawa-forest		The pre-registered primary endpoints - the progression channel and the within-homeostatic mean position, both designed to be insensitive to compartment size - are both non-significant (BH-adjusted FDR   and  ). So the honest reading is that there is no statistically supported signal that mutant tau advances microglia further along the activation axis; what the interaction does, it does by enlarging the DAM compartment. That is the trajectory-level counterpart of P1's significant DAM-fraction interaction: the same synergy, now resolved as compositional. The full inference across every endpoint, including the bounded fraction-past-onset bridges, is tabulated below.
_trajectory.qmd	trajectory-011-caption-replicate-level-mean-pseudotime-tracks-the-dam-fraction-each	263	caption	The interaction is composition, not progression	42	caption	fig-trajectory-unit-pt-dam	fig-trajectory-unit-pt-dam	Replicate-level mean pseudotime tracks the DAM fraction. Each point is one genotype-by-batch unit; batch labels show that the high-position units are also high-DAM units. This is why the decomposition is load-bearing: a position interaction can be created by changing compartment size.
_trajectory.qmd	trajectory-012-caption-channel-audit-for-the-trajectory-inference-left-prepared	278	caption	The interaction is composition, not progression	44	caption	fig-trajectory-kitagawa-forest	fig-trajectory-kitagawa-forest	Channel audit for the trajectory inference. Left: prepared overall and within-state rows across the five contrasts; amyloid moves mean position, but the interaction's within-state rows do not clear zero. Right: the explicit interaction decomposition rows; composition is positive, progression is negative and not supported.
_trajectory.qmd	trajectory-013-h2-a-per-cell-model-corroborates-the-position-shift	300	h2	A per-cell model corroborates the position shift	7	keep	section-nav		A per-cell model corroborates the position shift
_trajectory.qmd	trajectory-014-paragraph-the-summary-level-test-aggregates-each-of-the-genotype-by	302	paragraph	A per-cell model corroborates the position shift	110	figure	fig-trajectory-logic-board		The summary-level test aggregates each of the   genotype-by-batch units to one number, which is the right scale for the interaction inference but discards the per-cell distribution. As a supportive cross-check, a per-cell beta generalised linear mixed model (pt01 ~ tau * amyloid + batch + (1 | unit),   on-lineage nuclei over   replicate units)  . This agrees that the interaction raises position. But it models per-cell position directly, so it is the per-cell analogue of mean pseudotime and is itself composition-conflated: it supports that position rises, not that progression does. It is reported as supportive only - the summary-level decomposition carries the composition-versus-progression inference, and there both concordance and discordance with this arm would be acceptable.
_trajectory.qmd	trajectory-015-h2-reconciliation-robustness-and-concordance	313	h2	Reconciliation, robustness and concordance	4	keep	section-nav		Reconciliation, robustness and concordance
_trajectory.qmd	trajectory-016-paragraph-this-re-baselines-a-v1-result-rather-than-reproducing	315	paragraph	Reconciliation, robustness and concordance	134	figure	fig-trajectory-concordance;fig-trajectory-audit		"This re-baselines a v1 result rather than reproducing it. v1's point estimate had loaded the same interaction mostly onto progression (about   of the effect) at a suggestive significance (FDR about  ); on R   the decomposition attributes it mainly to composition instead, and neither the progression nor the within-state channel clears significance. The qualitative headline - a real, modest tau-amyloid synergy carried by the DAM compartment - is unchanged; its mechanistic reading shifts from ""further-progressed cells"" toward ""more cells"". The ordering itself is stable and marker-concordant: refitting on 10 and 20 harmony dimensions and on all retained nuclei reproduces the primary pseudotime at Spearman   or better, and the slingshot ordering agrees with the marker score-axis at Spearman   (a moderate-to-large concordance, expected below one because the transcriptome geometry and the DAM-minus-homeostatic marker contrast are related, not identical)."
_trajectory.qmd	trajectory-017-caption-the-slingshot-pseudotime-and-the-assumption-light-marker-score-axis	332	caption	Reconciliation, robustness and concordance	47	caption	fig-trajectory-concordance	fig-trajectory-concordance	The slingshot pseudotime and the assumption-light marker score-axis (DAM minus homeostatic UCell) order the on-lineage nuclei concordantly; the binned density runs along the diagonal. This shares the marker system that defines the substates, so it guards against gross ordering failure rather than acting as an independent check.
_trajectory.qmd	trajectory-018-caption-trajectory-robustness-and-lineage-conditioning-audit-left-refits-using	344	caption	Reconciliation, robustness and concordance	46	caption	fig-trajectory-audit	fig-trajectory-audit	Trajectory robustness and lineage-conditioning audit. Left: refits using fewer or more harmony dimensions, and all retained nuclei, remain strongly concordant with the primary pseudotime. Right: the off-lineage omitted fraction is low within every genotype, so conditioning on the homeostatic-to-DAM lineage does not drive the interaction.
_trajectory.qmd	trajectory-019-h2-caveats-and-provenance	362	h2	Caveats and provenance	3	keep	section-nav		Caveats and provenance
_trajectory.qmd	trajectory-020-paragraph-five-caveats-frame-this-chapter-first-pseudotime-is	364	paragraph	Caveats and provenance	161	collapsed_audit	collapsed-trajectory-audit		Five caveats frame this chapter. First, pseudotime is an activation ordering, not developmental time or cellular potency: direction rests on slingshot rooting and the validated DAM-marker monotonicity above, never on a potency proxy. Second, and for the same reason, every effect here is a statement about position and extent of advance in a cross-sectional snapshot; the rate or acceleration reading would need longitudinal sampling or RNA velocity, which this design does not have. Third, the lineage conditions on the homeostatic-to-DAM cells, omitting the interferon and proliferative nuclei ( % of microglia overall); were that omission genotype-skewed it could bias the interaction, so the per-genotype omitted fraction is reported below and is balanced across genotypes. Fourth, the within-state and composition channels are anchored on cell-weighted pooled positions, so the decomposition is conditional on that anchoring. Fifth, the substates are transcriptionally close, which is why the marker score-axis concordance is moderate rather than near-perfect and is read as a guard, not an independent validation.
_mechanism.qmd	mechanism-001-h1-mechanism-myc-signal-nf-kb-check-and-bulk-kinase	1	h1	Mechanism: Myc signal, NF-kB check, and bulk kinase support	9	keep	section-nav		Mechanism: Myc signal, NF-kB check, and bulk kinase support
_mechanism.qmd	mechanism-002-paragraph-p3-reframes-the-mechanism-question-around-the-rebuilt	3	paragraph	Mechanism: Myc signal, NF-kB check, and bulk kinase support	91	figure	fig-mechanism-status-board		P3 reframes the mechanism question around the rebuilt P1/P2 result. Amyloid drives a microglial homeostatic-to-DAM programme, and mutant tau modulates that amyloid response mainly by expanding the DAM compartment, not by a supported further advance along the activation ordering. The analyses below ask which RNA pathway, TF and kinase signals plausibly sit under that state expansion. They are treated as tests, not as assumed winners: Myc and Gsk3b can be supported or not by the rebuilt data, and NF-kB attenuation is only called if its predeclared transcript-level gate clears.
_mechanism.qmd	mechanism-003-h2-pathway-survey	201	h2	Pathway Survey	2	keep	section-nav		Pathway Survey
_mechanism.qmd	mechanism-004-paragraph-the-project-gene-sets-recapitulate-the-upstream-story	203	paragraph	Pathway Survey	66	figure	fig-mechanism-project-pathway;fig-mechanism-go-dotplot		The project gene sets recapitulate the upstream story in RNA. The whole-microglia DAM set is positive in the tau-amyloid interaction (NES  , FDR  ), aligning with the P1 DAM-composition interaction (DAM propeller ratio  , FDR  ) and the P2 composition channel (effect  , FDR  ). The progression channel remains non-significant (effect  , FDR  ), so the mechanism target is DAM-cell expansion and amyloid-response modulation, not proven further activation of cells already on the trajectory.
_mechanism.qmd	mechanism-005-caption-focused-project-gene-sets-in-whole-microglia-tile	216	caption	Pathway Survey	49	caption	fig-mechanism-project-sets	fig-mechanism-project-sets	Focused project gene sets in whole microglia. Tile colour is fgsea NES over the pseudobulk t-statistic ranks; outlined points mark FDR < 0.10 within the project collection and contrast. The DAM set stays positive in the interaction, while the NF-kB target arms are read through the formal gate below.
_mechanism.qmd	mechanism-006-caption-project-gene-set-survey-across-populations-tile-colour-is	237	caption	Pathway Survey	38	caption	fig-mechanism-project-pathway	fig-mechanism-project-pathway	Project gene-set survey across populations. Tile colour is fgsea NES; outlined points mark FDR < 0.10 within population and contrast. The interaction pattern is read against the closed P1/P2 result: DAM-cell expansion, not supported progression beyond composition.
_mechanism.qmd	mechanism-007-caption-compact-go-survey-from-the-bounded-fgsea-layer	272	caption	Pathway Survey	41	caption	fig-mechanism-go-dotplot	fig-mechanism-go-dotplot	Compact GO survey from the bounded fgsea layer. Each population-contrast panel contributes its top two GO rows; colour is NES, size is gene-set size, and filled points mark FDR < 0.10. These rows are exploratory context, not a new mechanism call.
_mechanism.qmd	mechanism-008-h2-tf-activity	285	h2	TF Activity	2	keep	section-nav		TF Activity
_mechanism.qmd	mechanism-009-paragraph-the-strongest-tf-result-is-myc-repression-in	287	paragraph	TF Activity	59	figure	fig-mechanism-tf-lollipop		The strongest TF result is Myc repression in the interaction. In whole microglia, Myc has ULM score   (FDR  ); in the DAM substate it is also negative (score  , FDR  ). This is the cleanest rebuilt support for the v1 Myc mechanism thread. It should still be read as a regulatory-activity estimate from static pseudobulk RNA ranks, not as a perturbation experiment.
_mechanism.qmd	mechanism-010-caption-top-tf-activities-for-the-tau-amyloid-interaction-scores	297	caption	TF Activity	37	caption	fig-mechanism-tf-interaction	fig-mechanism-tf-interaction	Top TF activities for the tau-amyloid interaction. Scores are decoupleR ULM activities over CollecTRI, FDR-adjusted within population and contrast. Myc is highlighted because it is a predeclared v1 mechanism candidate and is the strongest rebuilt TF signal.
_mechanism.qmd	mechanism-011-caption-focused-tf-candidates-across-the-interaction-and-tau-in	320	caption	TF Activity	38	caption	fig-mechanism-tf-lollipop	fig-mechanism-tf-lollipop	Focused TF candidates across the interaction and tau-in-NLGF contrasts. Myc is consistently negative and supported, while NF-kB-family members do not form a concordant negative attenuation pattern. Filled points mark FDR < 0.10 within population and contrast.
_mechanism.qmd	mechanism-012-h2-nf-kb-attenuation	334	h2	NF-kB Attenuation	2	keep	section-nav		NF-kB Attenuation
_mechanism.qmd	mechanism-013-paragraph-supportive-rows-including-tau-in-nlgf-and-substates-remain	336	paragraph	NF-kB Attenuation	16	figure	fig-mechanism-nfkb-discordance		Supportive rows, including tau-in-NLGF and substates, remain descriptive and cannot override the whole-microglia interaction gate.
_mechanism.qmd	mechanism-014-caption-nf-kb-attenuation-verdict-from-the-guarded-mechanism-target	357	caption	NF-kB Attenuation	35	caption	fig-mechanism-nfkb-discordance	fig-mechanism-nfkb-discordance	NF-kB attenuation verdict from the guarded mechanism target. The two whole-microglia interaction rows are primary, and the plot title prints the current target status. Tau-in-NLGF rows are supportive-only and cannot override the primary gate.
_mechanism.qmd	mechanism-015-h2-gsk3b-and-kinase-activity	370	h2	Gsk3b And Kinase Activity	4	keep	section-nav		Gsk3b And Kinase Activity
_mechanism.qmd	mechanism-016-paragraph-the-ksn-layer-has-adequate-coverage-for-the	372	paragraph	Gsk3b And Kinase Activity	51	figure	fig-mechanism-kinase-heatmap		The KSN layer has adequate coverage for the specific candidate:   Gsk3b substrate sites pass the min-size rule, from   matched KSN sites and   kinases passing min-size overall. But the rebuilt Gsk3b interaction score is   (FDR  ) and the tau-in-NLGF score is   (FDR  ), so the v1 Gsk3b interaction headline is not recovered here.
_mechanism.qmd	mechanism-017-paragraph-the-kinase-rows-that-do-pass-the-primary	380	paragraph	Gsk3b And Kinase Activity	66	figure	fig-mechanism-kinase-heatmap		The kinase rows that do pass the primary FDR threshold are concentrated in tau-in-NLGF (  non-Gsk3b kinases at FDR <  ). None are supported by the additive run-index sensitivity (  retain FDR support with concordant sign), so the bulk phosphosite layer is hypothesis-generating. It is 24-month bulk hippocampus phosphoproteomics, not microglia-sorted, and its 16 runs are genotype-blocked, so it should not be used as a stand-alone microglial mechanism claim.
_mechanism.qmd	mechanism-018-caption-kinase-activity-rows-from-the-24-month-bulk-hippocampus	413	caption	Gsk3b And Kinase Activity	43	caption	fig-mechanism-kinase-heatmap	fig-mechanism-kinase-heatmap	Kinase activity rows from the 24-month bulk hippocampus phosphosite layer. Gsk3b is carried in every contrast whether significant or not; other kinases appear because they pass primary FDR < 0.10. White circles mark primary support and crosses mark additive run-index support when present.
_mechanism.qmd	mechanism-019-h2-synthesis	428	h2	Synthesis	1	keep	section-nav		Synthesis
_mechanism.qmd	mechanism-020-paragraph-the-rebuilt-mechanism-evidence-is-asymmetric-the-rna	430	paragraph	Synthesis	105	schematic	fig-mechanism-status-board		The rebuilt mechanism evidence is asymmetric. The RNA layer strongly supports a Myc-linked, DAM-centred interaction signal, and the pathway layer ties that signal back to the compositional state expansion established in P1/P2. The targeted NF-kB attenuation check is discordant rather than supported, and the 24-month bulk phosphosite kinase layer does not recover a significant Gsk3b interaction. P3 therefore strengthens the DAM/Myc mechanism hypothesis while downgrading Gsk3b and NF-kB attenuation to unresolved or unsupported within the rebuilt data. The closing synthesis treats those negatives as part of the result, while the cross-modality chapter audits whether spatial, total-proteome and broader phosphoproteome views add corroborating context.
_crossmodality.qmd	crossmodality-001-h1-cross-modality-spatial-bulk-and-divergence-checks	1	h1	Cross-modality: spatial, bulk, and divergence checks	6	keep	section-nav		Cross-modality: spatial, bulk, and divergence checks
_crossmodality.qmd	crossmodality-002-paragraph-p4-asks-what-the-non-snrnaseq-modalities-add-to	3	paragraph	Cross-modality: spatial, bulk, and divergence checks	71	collapsed_audit	fig-crossmodality-status-board		P4 asks what the non-snRNAseq modalities add to the rebuilt microglia story. The spatial and bulk layers are not treated as independent winners: GeoMx AOIs are repeated tissue observations, and the 24-month proteome and phosphoproteome are bulk hippocampus, not microglia-sorted. The chapter therefore reads them as concordance, caveat and divergence checks around the P1-P3 spine: amyloid-to-DAM activation, a DAM-composition tau-amyloid interaction, Myc-linked RNA support, and unsupported NF-kB/Gsk3b mechanism claims.
_crossmodality.qmd	crossmodality-003-h2-geomx-spatial-de	304	h2	GeoMx Spatial DE	3	keep	section-nav		GeoMx Spatial DE
_crossmodality.qmd	crossmodality-004-paragraph-the-geomx-layer-contributes-a-tissue-spatial-transcriptomic-readout	306	paragraph	GeoMx Spatial DE	83	figure	fig-crossmodality-geomx-volcano;fig-crossmodality-geomx-sensitivity		The GeoMx layer contributes a tissue-spatial transcriptomic readout over   AOIs and   biological units. Its primary model uses slide fixed effects plus duplicate-correlation blocking by biological unit, so the AOIs are not read as independent animals. Amyloid produces large spatial DE counts in both backgrounds (  rows at FDR <   on MAPTKI,   on P301S), while the tau-amyloid interaction is much smaller (  rows). That fits the broader story: GeoMx strongly corroborates the amyloid tissue response, but interaction claims still lean on the microglia composition and trajectory layers.
_crossmodality.qmd	crossmodality-005-caption-geomx-spatial-de-counts-under-the-primary-aoi	321	caption	GeoMx Spatial DE	37	caption	fig-crossmodality-geomx-counts	fig-crossmodality-geomx-counts	GeoMx spatial DE counts under the primary AOI model with bio-unit blocking. Bars count primary GeoMx rows with FDR < 0.10, split by logFC direction. The amyloid contrasts dominate; the interaction has far fewer spatial transcriptomic hits.
_crossmodality.qmd	crossmodality-006-caption-geomx-primary-model-volcanoes-across-the-p4-focus-contrasts	341	caption	GeoMx Spatial DE	38	caption	fig-crossmodality-geomx-volcano	fig-crossmodality-geomx-volcano	GeoMx primary-model volcanoes across the P4 focus contrasts. Points are pre-binned from the AOI model with bio-unit blocking, and labels mark the strongest rows per contrast. The amyloid contrasts have dense high-significance structure; the interaction is visibly smaller.
_crossmodality.qmd	crossmodality-007-caption-geomx-bio-unit-blocked-primary-calls-against-the-two	387	caption	GeoMx Spatial DE	48	caption	fig-crossmodality-geomx-sensitivity	fig-crossmodality-geomx-sensitivity	GeoMx bio-unit-blocked primary calls against the two sensitivity fits. Positive bars are rows gained by a sensitivity fit, negative bars are primary rows lost. The collapsed biological-unit fit loses many primary rows, so the chapter privileges the duplicate-correlation primary model rather than reading AOIs as independent animals.
_crossmodality.qmd	crossmodality-008-h2-bulk-proteome-and-phospho	402	h2	Bulk Proteome And Phospho	4	keep	section-nav		Bulk Proteome And Phospho
_crossmodality.qmd	crossmodality-009-paragraph-the-bulk-layers-use-the-same-16-run-24-month	404	paragraph	Bulk Proteome And Phospho	72	collapsed_audit	fig-crossmodality-bulk-run-index;fig-crossmodality-phospho-correction		The bulk layers use the same 16-run, 24-month hippocampus sample set: total protein, raw phosphosite and parent-protein-corrected phosphosite. The feature universes are compact enough to report directly ( ). The run-index sensitivity is load-bearing. Across bulk layers,   primary FDR <   rows are checked, and   ( %) lose support or flip under the additive run-index sensitivity. The most affected cell is   in   (  rows), so bulk signals below are treated as support only when they survive that caveat.
_crossmodality.qmd	crossmodality-010-caption-bulk-omics-feature-counts-at-fdr-0-10	418	caption	Bulk Proteome And Phospho	31	caption	fig-crossmodality-bulk-counts	fig-crossmodality-bulk-counts	Bulk omics feature counts at FDR < 0.10. Proteome, raw phosphosite and parent-protein-corrected phosphosite layers are 24-month bulk hippocampus, not microglia-sorted. Many primary hits are sensitive to genotype-blocked run order.
_crossmodality.qmd	crossmodality-011-caption-run-index-sensitivity-across-the-24-month-bulk-hippocampus-layers	437	caption	Bulk Proteome And Phospho	54	caption	fig-crossmodality-bulk-run-index	fig-crossmodality-bulk-run-index	Run-index sensitivity across the 24-month bulk hippocampus layers. Tile fill is the fraction of primary FDR < 0.10 rows that lose support or flip sign after additive run-index adjustment; text is lost or flipped over primary hits. Most bulk signal is run-order-sensitive, so it is corroborative rather than a stand-alone microglial mechanism claim.
_crossmodality.qmd	crossmodality-012-caption-raw-versus-parent-protein-corrected-phosphosite-effects-in-the	468	caption	Bulk Proteome And Phospho	42	caption	fig-crossmodality-phospho-correction	fig-crossmodality-phospho-correction	Raw versus parent-protein-corrected phosphosite effects in the 24-month bulk hippocampus layer. Points are pre-binned by site-level log2 fold-change, with selected top sites labelled. Parent correction changes effect geometry but does not turn this bulk phospho layer into a microglia-sorted mechanism assay.
_crossmodality.qmd	crossmodality-013-caption-bulk-anchor-coverage-and-effects-for-clearance-synaptic	498	caption	Bulk Proteome And Phospho	47	caption	fig-crossmodality-anchor-heatmap	fig-crossmodality-anchor-heatmap	Bulk anchor coverage and effects for clearance, synaptic, complement and Gsk3b-related rows. Each tile is the best available row per anchor symbol, layer and contrast, selected by FDR then absolute t-statistic; outlined points mark FDR < 0.10. Blank cells are unmeasured or filtered in that bulk layer.
_crossmodality.qmd	crossmodality-014-h2-spatial-composition-and-clearance-axis	511	h2	Spatial Composition And Clearance Axis	5	keep	section-nav		Spatial Composition And Clearance Axis
_crossmodality.qmd	crossmodality-015-paragraph-spatialdecon-is-no-longer-a-skipped-preflight-the	513	paragraph	Spatial Composition And Clearance Axis	57	figure	fig-crossmodality-clearance-grid		SpatialDecon is no longer a skipped preflight. The follow-up built compact full-reference profiles ( ) and attempted GeoMx deconvolution. The target-derived status is   with action  :  . The blocking reasons are:  .  , and  . The report therefore makes no spatial-abundance or cell-count claim from GeoMx; it keeps the residual audit as fit QC and reports only GeoMx DE plus the measured clearance-axis evidence.
_crossmodality.qmd	crossmodality-016-paragraph-the-targeted-ccc-lite-rule-earns-ccc-called-stays	543	paragraph	Spatial Composition And Clearance Axis	29	figure	fig-crossmodality-clearance-grid		The targeted CCC-lite rule earns  ; ccc_called stays  , because no CellChat, LIANA or MultiNicheNet model is run.   Pairs that remain measured but unearned are not promoted to communication claims.
_crossmodality.qmd	crossmodality-017-caption-clearance-pair-ccc-lite-support-across-the-focus-contrasts-tile	569	caption	Spatial Composition And Clearance Axis	49	caption	fig-crossmodality-clearance-grid	fig-crossmodality-clearance-grid	Clearance-pair CCC-lite support across the focus contrasts. Tile fill marks the conservative earned/not-earned verdict; text is the number of coherent supported broad modality classes, and the point marks a strong whole-microglia anchor. Only Apoe-Trem2 in amyloid on P301S earns measured pair support; no full CCC model is called.
_crossmodality.qmd	crossmodality-018-h2-integrated-divergence	583	h2	Integrated Divergence	2	keep	section-nav		Integrated Divergence
_crossmodality.qmd	crossmodality-019-paragraph-the-integration-target-keeps-nulls-and-mixed-signs	585	paragraph	Integrated Divergence	65	figure	fig-crossmodality-symbol-matrix;fig-crossmodality-pathway-heatmap		The integration target keeps nulls and mixed signs rather than compressing them into a v1-style claims ledger. Across the four focus contrasts it carries   symbol-contrast rows observed in at least two broad modality classes,   rows with any significant modality, and   mixed-sign rows. Mixed signs are expected in this design because microglia RNA, spatial tissue RNA, total protein and phosphosite statistics answer related but non-identical questions.
_crossmodality.qmd	crossmodality-020-caption-axis-level-pathway-integration-each-tile-is-the-best	597	caption	Integrated Divergence	38	caption	fig-crossmodality-axis-heatmap	fig-crossmodality-axis-heatmap	Axis-level pathway integration. Each tile is the best selected pathway row for an axis and contrast; fill counts broad modality classes with FDR-level support, while text gives the dominant direction or mixed-sign call. Rank score is descriptive only.
_crossmodality.qmd	crossmodality-021-caption-top-named-axis-symbols-across-the-focus-contrasts-fill	619	caption	Integrated Divergence	50	caption	fig-crossmodality-symbol-matrix	fig-crossmodality-symbol-matrix	Top named-axis symbols across the focus contrasts. Fill counts broad modality classes with FDR-level support, not layer-level evidence groups; text gives the dominant direction, mixed sign, or 0 when no broad modality class clears FDR. Interaction rows are mostly 0, reinforcing that cross-modality interaction support is limited outside microglia composition.
_crossmodality.qmd	crossmodality-022-caption-selected-pathway-axis-rows-by-contrast-fill-counts-broad	659	caption	Integrated Divergence	36	caption	fig-crossmodality-pathway-heatmap	fig-crossmodality-pathway-heatmap	Selected pathway-axis rows by contrast. Fill counts broad modality classes with FDR-level support; text reports the sign call, including mixed signs. These rows are descriptive integration summaries, not a formal meta-analysis or a v1-style convergence score.
_crossmodality.qmd	crossmodality-023-h2-p4-synthesis	693	h2	P4 Synthesis	2	keep	section-nav		P4 Synthesis
_crossmodality.qmd	crossmodality-024-paragraph-cross-modality-evidence-strengthens-the-amyloid-response-spine-geomx-and	695	paragraph	P4 Synthesis	89	figure	fig-crossmodality-status-board		Cross-modality evidence strengthens the amyloid-response spine. GeoMx and bulk layers both show their largest effects in amyloid contrasts, pathway rows reproduce antigen-presentation, phagocytic/clearance and synaptic axes, and  . The same evidence narrows the claims: the tau-amyloid interaction is not broadly spatial or bulk-omics significant, SpatialDecon abundance is blocked after fitting, full CCC is not called, and genotype-blocked bulk run order downgrades many proteome/phosphosite rows. In the closing synthesis, this chapter therefore corroborates  , while keeping progression, NF-kB attenuation, Gsk3b and spatial abundance unresolved or unsupported in the rebuilt data.
